"username","password","role","employeeId"
"admin","admin123","admin",""
"10001","password1","employee","10001"
"10002","password2","employee","10002"
"10003","password3","employee","10003"
"10004","password4","employee","10004"
"10005","password5","employee","10005"
"10006","password6","employee","10006"
"10007","password7","employee","10007"
"10008","password8","employee","10008"
"10009","password9","employee","10009"
"10010","password10","employee","10010"
"10011","password11","employee","10011"
"10012","password12","employee","10012"
"10013","password13","employee","10013"
"10014","password14","employee","10014"
"10015","password15","employee","10015"
"10016","password16","employee","10016"
"10017","password17","employee","10017"
"10018","password18","employee","10018"
"10019","password19","employee","10019"
"10020","password20","employee","10020"
"10021","password21","employee","10021"
"10022","password22","employee","10022"
"10023","password23","employee","10023"
"10024","password24","employee","10024"
"10025","password25","employee","10025"
"10026","password26","employee","10026"
"10027","password27","employee","10027"
"10028","password28","employee","10028"
"10029","password29","employee","10029"
"10030","password30","employee","10030"
"10031","password31","employee","10031"
"10032","password32","employee","10032"
"10033","password33","employee","10033"
"10034","password34","employee","10034"
"15005","changeme15005","employee","15005"
